Sequence ID,GC Content (%)
NM_007294,41.77483069977427
NM_000546,53.38375796178344
NM_005228,47.783947501261984
